<?xml version="1.0" encoding="utf-8"?>
<odoo>
    <record id="student_mail_id" model="mail.template">
        <field name="name">Student Email Template</field>
        <field name="model_id" ref="school_management.model_student_information"/>
        <field name="email_from">{{user.email_formatted}}</field>
        <field name="email_to">{{object.stu_email}}</field>
        <field name="subject">Student Email</field>
        <field name="body_html" type="html">
            <table border="0" cellpadding="0" cellspacing="0" style="padding-top: 16px; background-color: #F1F1F1; font-family:Verdana, Arial,sans-serif; color: #454748; width: 100%; border-collapse:separate;">
                <table border="0" cellpadding="0" cellspacing="0" width="590" style="padding: 16px; background-color: white; color: #454748; border-collapse:separate;">
                <tbody>
                    <!-- HEADER -->
                    <tr>
                        <td align="center" style="min-width: 590px;">
                            <table border="0" cellpadding="0" cellspacing="0" width="590" style="min-width: 590px; background-color: white; padding: 0px 8px 0px 8px; border-collapse:separate;">
                                <tr><td valign="middle">
                                    <span style="font-size: 10px;">
                                        Name: <br/>
                                        <t t-if="object.name">
                                            <span style="font-size: 20px; font-weight: bold;" t-out="object.name">Object Name</span>
                                        </t>
                                    </span><br/>
                                    </td>
                                </tr>
                            </table>
                        </td>
                    </tr>
                    <!-- CONTENT -->
                    <tr>
                        <td align="center" style="min-width: 590px;">
                            <table border="0" cellpadding="0" cellspacing="0" width="590" style="min-width: 590px; background-color: white; padding: 0px 8px 0px 8px; border-collapse:separate;">
                                <tr><td valign="top" style="font-size: 13px;">
                                    <div>
                                        Hello <t t-out="object.standard_id.name or ''">OdooBot</t>,
                                        <br/><br/>
                                        <t t-out="object.create_uid.name or ''">OdooBot</t> (<t t-out="object.create_uid.email or ''">odoobot@example.com</t>) asks you to provide the following document:
                                        <br/><br/>
                                    </div>
                                </td></tr>
                            </table>
                        </td>
                    </tr>
                    <!-- FOOTER -->
                    <tr>
                        <td align="center" style="min-width: 590px;">
                            <table border="0" cellpadding="0" cellspacing="0" width="590" style="min-width: 590px; background-color: white; font-size: 11px; padding: 0px 8px 0px 8px; border-collapse:separate;">
                                <tr><td valign="middle" align="left">
                                    <t t-out="object.create_uid.company_id.name or ''">YourCompany</t>
                                </td></tr>
                                <tr><td valign="middle" align="left" style="opacity: 0.7;">
                                    <t t-out="object.create_uid.company_id.phone or ''">+1 650-123-4567</t>
                                    <t t-if="object.create_uid.company_id.email">
                                        | <a t-attf-href="'mailto:%s' % {{ object.create_uid.company_id.email }}" style="text-decoration:none; color: #454748;" t-out="object.create_uid.company_id.email or ''">info@yourcompany.com</a>
                                    </t>
                                    <t t-if="object.create_uid.company_id.website">
                                        | <a t-attf-href="'%s' % {{ object.create_uid.company_id.website }}" style="text-decoration:none; color: #454748;" t-out="object.create_uid.company_id.website or ''">http://www.example.com</a>
                                    </t>
                                </td></tr>
                            </table>
                        </td>
                    </tr>
                </tbody>
                </table>
            </table>

        </field>
  </record>
</odoo>
